{"class_name": "Sequential", "config": [{"class_name": "Flatten", "config": {"dtype": "float32", "trainable": true, "name": "flatten_1", "batch_input_shape": [null, 7, 7, 512]}}, {"class_name": "Dense", "config": {"kernel_constraint": null, "units": 4096, "use_bias": true, "kernel_initializer": {"class_name": "VarianceScaling", "config": {"scale": 1.0, "mode": "fan_avg", "seed": null, "distribution": "uniform"}}, "bias_regularizer": null, "bias_constraint": null, "activity_regularizer": null, "activation": "sigmoid", "name": "dense_1", "trainable": true, "bias_initializer": {"class_name": "Zeros", "config": {}}, "kernel_regularizer": null}}, {"class_name": "Dropout", "config": {"trainable": true, "seed": null, "noise_shape": null, "rate": 0.65, "name": "dropout_1"}}, {"class_name": "Dense", "config": {"kernel_constraint": null, "units": 4096, "use_bias": true, "kernel_initializer": {"class_name": "VarianceScaling", "config": {"scale": 1.0, "mode": "fan_avg", "seed": null, "distribution": "uniform"}}, "bias_regularizer": null, "bias_constraint": null, "activity_regularizer": null, "activation": "relu", "name": "dense_2", "trainable": true, "bias_initializer": {"class_name": "Zeros", "config": {}}, "kernel_regularizer": null}}, {"class_name": "Dropout", "config": {"trainable": true, "seed": null, "noise_shape": null, "rate": 0.65, "name": "dropout_2"}}, {"class_name": "Dense", "config": {"kernel_constraint": null, "units": 1024, "use_bias": true, "kernel_initializer": {"class_name": "VarianceScaling", "config": {"scale": 1.0, "mode": "fan_avg", "seed": null, "distribution": "uniform"}}, "bias_regularizer": null, "bias_constraint": null, "activity_regularizer": null, "activation": "relu", "name": "dense_3", "trainable": true, "bias_initializer": {"class_name": "Zeros", "config": {}}, "kernel_regularizer": null}}, {"class_name": "Dropout", "config": {"trainable": true, "seed": null, "noise_shape": null, "rate": 0.55, "name": "dropout_3"}}, {"class_name": "Dense", "config": {"kernel_constraint": null, "units": 512, "use_bias": true, "kernel_initializer": {"class_name": "VarianceScaling", "config": {"scale": 1.0, "mode": "fan_avg", "seed": null, "distribution": "uniform"}}, "bias_regularizer": null, "bias_constraint": null, "activity_regularizer": null, "activation": "hard_sigmoid", "name": "dense_4", "trainable": true, "bias_initializer": {"class_name": "Zeros", "config": {}}, "kernel_regularizer": null}}, {"class_name": "Dropout", "config": {"trainable": true, "seed": null, "noise_shape": null, "rate": 0.5, "name": "dropout_4"}}, {"class_name": "Dense", "config": {"kernel_constraint": null, "units": 8, "use_bias": true, "kernel_initializer": {"class_name": "VarianceScaling", "config": {"scale": 1.0, "mode": "fan_avg", "seed": null, "distribution": "uniform"}}, "bias_regularizer": null, "bias_constraint": null, "activity_regularizer": null, "activation": "softmax", "name": "dense_5", "trainable": true, "bias_initializer": {"class_name": "Zeros", "config": {}}, "kernel_regularizer": null}}], "keras_version": "2.1.1", "backend": "tensorflow"}