{"backend": "tensorflow", "class_name": "Sequential", "keras_version": "2.1.1", "config": [{"class_name": "Flatten", "config": {"name": "flatten_1", "dtype": "float32", "trainable": true, "batch_input_shape": [null, 5, 6, 512]}}, {"class_name": "Dense", "config": {"bias_initializer": {"class_name": "Zeros", "config": {}}, "activity_regularizer": null, "kernel_initializer": {"class_name": "VarianceScaling", "config": {"mode": "fan_avg", "scale": 1.0, "distribution": "uniform", "seed": null}}, "bias_regularizer": null, "bias_constraint": null, "activation": "sigmoid", "kernel_constraint": null, "trainable": true, "units": 4096, "kernel_regularizer": null, "use_bias": true, "name": "dense_1"}}, {"class_name": "Dropout", "config": {"seed": null, "name": "dropout_1", "rate": 0.65, "noise_shape": null, "trainable": true}}, {"class_name": "Dense", "config": {"bias_initializer": {"class_name": "Zeros", "config": {}}, "activity_regularizer": null, "kernel_initializer": {"class_name": "VarianceScaling", "config": {"mode": "fan_avg", "scale": 1.0, "distribution": "uniform", "seed": null}}, "bias_regularizer": null, "bias_constraint": null, "activation": "relu", "kernel_constraint": null, "trainable": true, "units": 4096, "kernel_regularizer": null, "use_bias": true, "name": "dense_2"}}, {"class_name": "Dropout", "config": {"seed": null, "name": "dropout_2", "rate": 0.65, "noise_shape": null, "trainable": true}}, {"class_name": "Dense", "config": {"bias_initializer": {"class_name": "Zeros", "config": {}}, "activity_regularizer": null, "kernel_initializer": {"class_name": "VarianceScaling", "config": {"mode": "fan_avg", "scale": 1.0, "distribution": "uniform", "seed": null}}, "bias_regularizer": null, "bias_constraint": null, "activation": "sigmoid", "kernel_constraint": null, "trainable": true, "units": 4096, "kernel_regularizer": null, "use_bias": true, "name": "dense_3"}}, {"class_name": "Dropout", "config": {"seed": null, "name": "dropout_3", "rate": 0.55, "noise_shape": null, "trainable": true}}, {"class_name": "Dense", "config": {"bias_initializer": {"class_name": "Zeros", "config": {}}, "activity_regularizer": null, "kernel_initializer": {"class_name": "VarianceScaling", "config": {"mode": "fan_avg", "scale": 1.0, "distribution": "uniform", "seed": null}}, "bias_regularizer": null, "bias_constraint": null, "activation": "softmax", "kernel_constraint": null, "trainable": true, "units": 2, "kernel_regularizer": null, "use_bias": true, "name": "dense_4"}}]}
