{"class_name": "Sequential", "backend": "tensorflow", "keras_version": "2.1.1", "config": [{"class_name": "Flatten", "config": {"name": "flatten_1", "batch_input_shape": [null, 5, 6, 512], "trainable": true, "dtype": "float32"}}, {"class_name": "Dense", "config": {"kernel_regularizer": null, "trainable": true, "bias_regularizer": null, "activity_regularizer": null, "bias_constraint": null, "name": "dense_1", "units": 4096, "use_bias": true, "activation": "sigmoid", "kernel_constraint": null, "kernel_initializer": {"class_name": "VarianceScaling", "config": {"mode": "fan_avg", "scale": 1.0, "distribution": "uniform", "seed": null}}, "bias_initializer": {"class_name": "Zeros", "config": {}}}}, {"class_name": "Dropout", "config": {"name": "dropout_1", "noise_shape": null, "rate": 0.65, "trainable": true, "seed": null}}, {"class_name": "Dense", "config": {"kernel_regularizer": null, "trainable": true, "bias_regularizer": null, "activity_regularizer": null, "bias_constraint": null, "name": "dense_2", "units": 1024, "use_bias": true, "activation": "relu", "kernel_constraint": null, "kernel_initializer": {"class_name": "VarianceScaling", "config": {"mode": "fan_avg", "scale": 1.0, "distribution": "uniform", "seed": null}}, "bias_initializer": {"class_name": "Zeros", "config": {}}}}, {"class_name": "Dropout", "config": {"name": "dropout_2", "noise_shape": null, "rate": 0.65, "trainable": true, "seed": null}}, {"class_name": "Dense", "config": {"kernel_regularizer": null, "trainable": true, "bias_regularizer": null, "activity_regularizer": null, "bias_constraint": null, "name": "dense_3", "units": 512, "use_bias": true, "activation": "sigmoid", "kernel_constraint": null, "kernel_initializer": {"class_name": "VarianceScaling", "config": {"mode": "fan_avg", "scale": 1.0, "distribution": "uniform", "seed": null}}, "bias_initializer": {"class_name": "Zeros", "config": {}}}}, {"class_name": "Dropout", "config": {"name": "dropout_3", "noise_shape": null, "rate": 0.55, "trainable": true, "seed": null}}, {"class_name": "Dense", "config": {"kernel_regularizer": null, "trainable": true, "bias_regularizer": null, "activity_regularizer": null, "bias_constraint": null, "name": "dense_4", "units": 2, "use_bias": true, "activation": "softmax", "kernel_constraint": null, "kernel_initializer": {"class_name": "VarianceScaling", "config": {"mode": "fan_avg", "scale": 1.0, "distribution": "uniform", "seed": null}}, "bias_initializer": {"class_name": "Zeros", "config": {}}}}]}
