{"class_name": "Sequential", "keras_version": "2.1.1", "config": [{"class_name": "Flatten", "config": {"dtype": "float32", "batch_input_shape": [null, 7, 7, 512], "trainable": true, "name": "flatten_1"}}, {"class_name": "Dense", "config": {"kernel_initializer": {"class_name": "VarianceScaling", "config": {"distribution": "uniform", "scale": 1.0, "seed": null, "mode": "fan_avg"}}, "name": "dense_1", "kernel_constraint": null, "bias_regularizer": null, "bias_constraint": null, "activation": "relu", "trainable": true, "kernel_regularizer": null, "bias_initializer": {"class_name": "Zeros", "config": {}}, "units": 1024, "use_bias": true, "activity_regularizer": null}}, {"class_name": "Dropout", "config": {"rate": 0.5, "noise_shape": null, "trainable": true, "seed": null, "name": "dropout_1"}}, {"class_name": "Dense", "config": {"kernel_initializer": {"class_name": "VarianceScaling", "config": {"distribution": "uniform", "scale": 1.0, "seed": null, "mode": "fan_avg"}}, "name": "dense_2", "kernel_constraint": null, "bias_regularizer": null, "bias_constraint": null, "activation": "relu", "trainable": true, "kernel_regularizer": null, "bias_initializer": {"class_name": "Zeros", "config": {}}, "units": 512, "use_bias": true, "activity_regularizer": null}}, {"class_name": "Dropout", "config": {"rate": 0.5, "noise_shape": null, "trainable": true, "seed": null, "name": "dropout_2"}}, {"class_name": "Dense", "config": {"kernel_initializer": {"class_name": "VarianceScaling", "config": {"distribution": "uniform", "scale": 1.0, "seed": null, "mode": "fan_avg"}}, "name": "dense_3", "kernel_constraint": null, "bias_regularizer": null, "bias_constraint": null, "activation": "sigmoid", "trainable": true, "kernel_regularizer": null, "bias_initializer": {"class_name": "Zeros", "config": {}}, "units": 4096, "use_bias": true, "activity_regularizer": null}}, {"class_name": "Dropout", "config": {"rate": 0.5, "noise_shape": null, "trainable": true, "seed": null, "name": "dropout_3"}}, {"class_name": "Dense", "config": {"kernel_initializer": {"class_name": "VarianceScaling", "config": {"distribution": "uniform", "scale": 1.0, "seed": null, "mode": "fan_avg"}}, "name": "dense_4", "kernel_constraint": null, "bias_regularizer": null, "bias_constraint": null, "activation": "softmax", "trainable": true, "kernel_regularizer": null, "bias_initializer": {"class_name": "Zeros", "config": {}}, "units": 8, "use_bias": true, "activity_regularizer": null}}], "backend": "tensorflow"}