{"backend": "tensorflow", "class_name": "Sequential", "keras_version": "2.1.1", "config": [{"class_name": "Flatten", "config": {"dtype": "float32", "batch_input_shape": [null, 5, 6, 512], "name": "flatten_1", "trainable": true}}, {"class_name": "Dense", "config": {"name": "dense_1", "units": 4096, "bias_initializer": {"class_name": "Zeros", "config": {}}, "activity_regularizer": null, "use_bias": true, "bias_regularizer": null, "bias_constraint": null, "trainable": true, "activation": "sigmoid", "kernel_constraint": null, "kernel_regularizer": null, "kernel_initializer": {"class_name": "VarianceScaling", "config": {"mode": "fan_avg", "distribution": "uniform", "seed": null, "scale": 1.0}}}}, {"class_name": "Dropout", "config": {"trainable": true, "name": "dropout_1", "noise_shape": null, "seed": null, "rate": 0.65}}, {"class_name": "Dense", "config": {"name": "dense_2", "units": 1024, "bias_initializer": {"class_name": "Zeros", "config": {}}, "activity_regularizer": null, "use_bias": true, "bias_regularizer": null, "bias_constraint": null, "trainable": true, "activation": "relu", "kernel_constraint": null, "kernel_regularizer": null, "kernel_initializer": {"class_name": "VarianceScaling", "config": {"mode": "fan_avg", "distribution": "uniform", "seed": null, "scale": 1.0}}}}, {"class_name": "Dropout", "config": {"trainable": true, "name": "dropout_2", "noise_shape": null, "seed": null, "rate": 0.65}}, {"class_name": "Dense", "config": {"name": "dense_3", "units": 512, "bias_initializer": {"class_name": "Zeros", "config": {}}, "activity_regularizer": null, "use_bias": true, "bias_regularizer": null, "bias_constraint": null, "trainable": true, "activation": "sigmoid", "kernel_constraint": null, "kernel_regularizer": null, "kernel_initializer": {"class_name": "VarianceScaling", "config": {"mode": "fan_avg", "distribution": "uniform", "seed": null, "scale": 1.0}}}}, {"class_name": "Dropout", "config": {"trainable": true, "name": "dropout_3", "noise_shape": null, "seed": null, "rate": 0.55}}, {"class_name": "Dense", "config": {"name": "dense_4", "units": 2, "bias_initializer": {"class_name": "Zeros", "config": {}}, "activity_regularizer": null, "use_bias": true, "bias_regularizer": null, "bias_constraint": null, "trainable": true, "activation": "softmax", "kernel_constraint": null, "kernel_regularizer": null, "kernel_initializer": {"class_name": "VarianceScaling", "config": {"mode": "fan_avg", "distribution": "uniform", "seed": null, "scale": 1.0}}}}]}
