{"keras_version": "2.1.1", "backend": "tensorflow", "config": [{"class_name": "Flatten", "config": {"name": "flatten_1", "trainable": true, "batch_input_shape": [null, 7, 7, 512], "dtype": "float32"}}, {"class_name": "Dense", "config": {"activation": "sigmoid", "name": "dense_1", "kernel_constraint": null, "units": 4096, "kernel_initializer": {"class_name": "VarianceScaling", "config": {"distribution": "uniform", "scale": 1.0, "seed": null, "mode": "fan_avg"}}, "use_bias": true, "bias_constraint": null, "activity_regularizer": null, "trainable": true, "bias_initializer": {"class_name": "Zeros", "config": {}}, "kernel_regularizer": null, "bias_regularizer": null}}, {"class_name": "Dropout", "config": {"name": "dropout_1", "trainable": true, "seed": null, "rate": 0.65, "noise_shape": null}}, {"class_name": "Dense", "config": {"activation": "relu", "name": "dense_2", "kernel_constraint": null, "units": 1024, "kernel_initializer": {"class_name": "VarianceScaling", "config": {"distribution": "uniform", "scale": 1.0, "seed": null, "mode": "fan_avg"}}, "use_bias": true, "bias_constraint": null, "activity_regularizer": null, "trainable": true, "bias_initializer": {"class_name": "Zeros", "config": {}}, "kernel_regularizer": null, "bias_regularizer": null}}, {"class_name": "Dropout", "config": {"name": "dropout_2", "trainable": true, "seed": null, "rate": 0.65, "noise_shape": null}}, {"class_name": "Dense", "config": {"activation": "sigmoid", "name": "dense_3", "kernel_constraint": null, "units": 512, "kernel_initializer": {"class_name": "VarianceScaling", "config": {"distribution": "uniform", "scale": 1.0, "seed": null, "mode": "fan_avg"}}, "use_bias": true, "bias_constraint": null, "activity_regularizer": null, "trainable": true, "bias_initializer": {"class_name": "Zeros", "config": {}}, "kernel_regularizer": null, "bias_regularizer": null}}, {"class_name": "Dropout", "config": {"name": "dropout_3", "trainable": true, "seed": null, "rate": 0.55, "noise_shape": null}}, {"class_name": "Dense", "config": {"activation": "softmax", "name": "dense_4", "kernel_constraint": null, "units": 8, "kernel_initializer": {"class_name": "VarianceScaling", "config": {"distribution": "uniform", "scale": 1.0, "seed": null, "mode": "fan_avg"}}, "use_bias": true, "bias_constraint": null, "activity_regularizer": null, "trainable": true, "bias_initializer": {"class_name": "Zeros", "config": {}}, "kernel_regularizer": null, "bias_regularizer": null}}], "class_name": "Sequential"}