{"class_name": "Sequential", "backend": "tensorflow", "config": [{"class_name": "Flatten", "config": {"dtype": "float32", "batch_input_shape": [null, 7, 7, 512], "name": "flatten_1", "trainable": true}}, {"class_name": "Dense", "config": {"activation": "sigmoid", "use_bias": true, "name": "dense_1", "activity_regularizer": null, "trainable": true, "bias_initializer": {"class_name": "Zeros", "config": {}}, "units": 4096, "kernel_initializer": {"class_name": "VarianceScaling", "config": {"mode": "fan_avg", "distribution": "uniform", "seed": null, "scale": 1.0}}, "bias_regularizer": null, "kernel_regularizer": null, "kernel_constraint": null, "bias_constraint": null}}, {"class_name": "Dropout", "config": {"trainable": true, "name": "dropout_1", "seed": null, "noise_shape": null, "rate": 0.65}}, {"class_name": "Dense", "config": {"activation": "relu", "use_bias": true, "name": "dense_2", "activity_regularizer": null, "trainable": true, "bias_initializer": {"class_name": "Zeros", "config": {}}, "units": 4096, "kernel_initializer": {"class_name": "VarianceScaling", "config": {"mode": "fan_avg", "distribution": "uniform", "seed": null, "scale": 1.0}}, "bias_regularizer": null, "kernel_regularizer": null, "kernel_constraint": null, "bias_constraint": null}}, {"class_name": "Dropout", "config": {"trainable": true, "name": "dropout_2", "seed": null, "noise_shape": null, "rate": 0.65}}, {"class_name": "Dense", "config": {"activation": "sigmoid", "use_bias": true, "name": "dense_3", "activity_regularizer": null, "trainable": true, "bias_initializer": {"class_name": "Zeros", "config": {}}, "units": 512, "kernel_initializer": {"class_name": "VarianceScaling", "config": {"mode": "fan_avg", "distribution": "uniform", "seed": null, "scale": 1.0}}, "bias_regularizer": null, "kernel_regularizer": null, "kernel_constraint": null, "bias_constraint": null}}, {"class_name": "Dropout", "config": {"trainable": true, "name": "dropout_3", "seed": null, "noise_shape": null, "rate": 0.55}}, {"class_name": "Dense", "config": {"activation": "softmax", "use_bias": true, "name": "dense_4", "activity_regularizer": null, "trainable": true, "bias_initializer": {"class_name": "Zeros", "config": {}}, "units": 8, "kernel_initializer": {"class_name": "VarianceScaling", "config": {"mode": "fan_avg", "distribution": "uniform", "seed": null, "scale": 1.0}}, "bias_regularizer": null, "kernel_regularizer": null, "kernel_constraint": null, "bias_constraint": null}}], "keras_version": "2.1.1"}